{"stats":{"minecraft:crafted":{"minecraft:leather_chestplate":1,"minecraft:gold_ingot":576,"minecraft:leather_leggings":1,"minecraft:leather_boots":2,"minecraft:firework_star":5,"minecraft:golden_apple":16,"minecraft:firework_rocket":6},"minecraft:dropped":{"minecraft:spruce_sign":1,"minecraft:loom":1,"minecraft:crafting_table":1,"minecraft:lime_shulker_box":7,"minecraft:dark_oak_sapling":1,"minecraft:stripped_birch_wood":1,"minecraft:lime_terracotta":1,"minecraft:lantern":3,"minecraft:brown_banner":1,"minecraft:elytra":1,"minecraft:birch_slab":1,"minecraft:cod":1,"minecraft:cobblestone_stairs":1,"minecraft:spruce_leaves":1,"minecraft:ice":1,"minecraft:jack_o_lantern":1,"minecraft:jungle_sapling":1,"minecraft:bone_meal":1,"minecraft:sand":2,"minecraft:green_stained_glass_pane":1,"minecraft:end_crystal":30,"minecraft:gold_ingot":768,"minecraft:honeycomb_block":1,"minecraft:gravel":1,"minecraft:red_glazed_terracotta":1,"minecraft:lever":1,"minecraft:stripped_jungle_wood":1,"minecraft:wheat":1,"minecraft:pink_dye":1,"minecraft:birch_sapling":2,"minecraft:blue_wool":1,"minecraft:black_terracotta":1,"minecraft:pink_carpet":1,"minecraft:infested_mossy_stone_bricks":1,"minecraft:infested_stone_bricks":2,"minecraft:red_stained_glass_pane":1,"minecraft:yellow_stained_glass_pane":1,"minecraft:mossy_stone_brick_wall":1,"minecraft:coal_ore":1,"minecraft:leather_boots":1,"minecraft:quartz_block":1,"minecraft:cod_bucket":1,"minecraft:lingering_potion":1,"minecraft:acacia_slab":1,"minecraft:stone_brick_wall":1,"minecraft:ladder":1,"minecraft:chest":1,"minecraft:spruce_slab":2,"minecraft:iron_bars":2,"minecraft:cyan_concrete":1,"minecraft:podzol":6,"minecraft:stone_brick_stairs":1,"minecraft:oak_leaves":1,"minecraft:acacia_pressure_plate":1,"minecraft:brown_concrete":1,"minecraft:water_bucket":2,"minecraft:bread":124,"minecraft:vine":2,"minecraft:magenta_carpet":1,"minecraft:birch_leaves":1,"minecraft:diamond_leggings":2,"minecraft:oak_fence":1,"minecraft:barrier":4,"minecraft:apple":48,"minecraft:hopper_minecart":1,"minecraft:spruce_button":1,"minecraft:command_block":2,"minecraft:grass_block":2,"minecraft:coal_block":1,"minecraft:end_rod":2,"minecraft:lava_bucket":1,"minecraft:cobweb":1,"minecraft:dark_oak_leaves":2,"minecraft:golden_carrot":192,"minecraft:torch":1,"minecraft:repeater":2,"minecraft:wooden_axe":2,"minecraft:white_concrete":2,"minecraft:yellow_glazed_terracotta":1,"minecraft:jungle_leaves":4,"minecraft:pumpkin":1,"minecraft:spruce_sapling":1,"minecraft:infested_cracked_stone_bricks":1,"minecraft:redstone":1,"minecraft:bricks":1,"minecraft:redstone_ore":1,"minecraft:green_terracotta":2,"minecraft:light_blue_glazed_terracotta":1,"minecraft:player_head":28,"minecraft:coarse_dirt":3,"minecraft:smooth_stone_slab":1,"minecraft:red_banner":1,"minecraft:white_carpet":2,"minecraft:stripped_oak_log":1,"minecraft:magenta_concrete":2,"minecraft:diamond_ore":1,"minecraft:orange_wool":1,"minecraft:totem_of_undying":5,"minecraft:spruce_fence":3,"minecraft:snow":1,"minecraft:stone":2,"minecraft:diamond_chestplate":1,"minecraft:orange_terracotta":1,"minecraft:oak_sapling":1,"minecraft:andesite_stairs":1,"minecraft:birch_sign":2,"minecraft:barrel":1,"minecraft:diamond_boots":1,"minecraft:purple_shulker_box":1,"minecraft:orange_stained_glass_pane":1,"minecraft:brown_stained_glass":1,"minecraft:white_stained_glass":1},"minecraft:killed_by":{"minecraft:player":13},"minecraft:picked_up":{"minecraft:wooden_axe":2,"minecraft:nether_brick_fence":1,"minecraft:diamond_sword":3,"minecraft:oak_stairs":1,"minecraft:brown_bed":1,"minecraft:acacia_pressure_plate":1,"minecraft:stone_brick_stairs":2,"minecraft:purple_shulker_box":11,"minecraft:cod_bucket":1,"minecraft:dark_oak_trapdoor":1,"minecraft:red_nether_bricks":1,"minecraft:pufferfish":34,"minecraft:diamond_leggings":1,"minecraft:black_shulker_box":4,"minecraft:bucket":1,"minecraft:ender_eye":64,"minecraft:cobblestone_slab":1,"minecraft:smooth_quartz":1,"minecraft:infested_mossy_stone_bricks":1,"minecraft:spruce_stairs":64,"minecraft:oak_fence":67,"minecraft:torch":1,"minecraft:honeycomb_block":1,"minecraft:infested_chiseled_stone_bricks":2,"minecraft:vine":1,"minecraft:andesite_wall":1,"minecraft:quartz_block":1,"minecraft:command_block":1,"minecraft:light_gray_bed":1,"minecraft:tropical_fish":6,"minecraft:end_rod":3,"minecraft:cod":1,"minecraft:obsidian":64,"minecraft:iron_bars":2,"minecraft:snowball":24,"minecraft:cobblestone":1,"minecraft:barrier":7,"minecraft:water_bucket":1,"minecraft:birch_slab":2,"minecraft:light_gray_dye":62,"minecraft:lantern":1,"minecraft:gray_terracotta":1,"minecraft:light_blue_dye":53,"minecraft:diamond_helmet":2,"minecraft:bamboo":1,"minecraft:powered_rail":1,"minecraft:oak_planks":64,"minecraft:black_terracotta":1,"minecraft:lime_terracotta":1,"minecraft:sand":2,"minecraft:orange_wool":1,"minecraft:barrel":1,"minecraft:mossy_cobblestone":1,"minecraft:jungle_leaves":1,"minecraft:dispenser":1,"minecraft:lever":1,"minecraft:bone_meal":3,"minecraft:bricks":1,"minecraft:coarse_dirt":1,"minecraft:firework_star":195,"minecraft:clay_ball":1,"minecraft:stone_brick_wall":64,"minecraft:gold_block":128,"minecraft:white_stained_glass":2,"minecraft:item_frame":1,"minecraft:white_carpet":2,"minecraft:andesite_stairs":2,"minecraft:beef":2,"minecraft:player_head":471,"minecraft:spruce_slab":2,"minecraft:minecart":3,"minecraft:chest":1,"minecraft:lime_shulker_box":39,"minecraft:oak_door":64,"minecraft:spruce_fence":6,"minecraft:redstone":1,"minecraft:diamond_chestplate":2,"minecraft:gold_ingot":384,"minecraft:infested_cracked_stone_bricks":1,"minecraft:white_shulker_box":1,"minecraft:rail":1,"minecraft:stripped_oak_log":1,"minecraft:purple_dye":1,"minecraft:golden_carrot":62,"minecraft:yellow_dye":62,"minecraft:leather":2,"minecraft:brown_concrete":1,"minecraft:gunpowder":67,"minecraft:cobblestone_wall":1,"minecraft:paper":1,"minecraft:podzol":2,"minecraft:stripped_oak_wood":1,"minecraft:tall_grass":1,"minecraft:chiseled_stone_bricks":2,"minecraft:lime_concrete":1,"minecraft:green_carpet":1,"minecraft:firework_rocket":1219,"minecraft:infested_stone_bricks":3,"minecraft:coal_ore":1,"minecraft:stripped_jungle_wood":1,"minecraft:acacia_slab":1,"minecraft:magenta_concrete":1,"minecraft:shulker_shell":13},"minecraft:broken":{"minecraft:diamond_helmet":3,"minecraft:diamond_boots":1},"minecraft:killed":{"minecraft:cod":1,"minecraft:pufferfish":17,"minecraft:bee":6,"minecraft:tropical_fish":1,"minecraft:horse":1,"minecraft:snow_golem":2},"minecraft:custom":{"minecraft:interact_with_crafting_table":22,"minecraft:open_barrel":4,"minecraft:open_shulker_box":118,"minecraft:bell_ring":7,"minecraft:leave_game":77,"minecraft:time_since_death":38588,"minecraft:damage_resisted":6998,"minecraft:sprint_one_cm":1480968,"minecraft:drop":228,"minecraft:talked_to_villager":1,"minecraft:deaths":2657,"minecraft:jump":10354,"minecraft:walk_on_water_one_cm":40227,"minecraft:play_one_minute":2000468,"minecraft:interact_with_loom":14,"minecraft:damage_dealt":2930,"minecraft:player_kills":1,"minecraft:crouch_one_cm":118453,"minecraft:inspect_dispenser":8,"minecraft:mob_kills":34,"minecraft:climb_one_cm":21808,"minecraft:walk_one_cm":2775649,"minecraft:sneak_time":86062,"minecraft:walk_under_water_one_cm":68592,"minecraft:boat_one_cm":41031,"minecraft:pot_flower":6,"minecraft:time_since_rest":38588,"minecraft:damage_absorbed":6375,"minecraft:damage_taken":16600,"minecraft:trigger_trapped_chest":9,"minecraft:minecart_one_cm":1504,"minecraft:swim_one_cm":19735,"minecraft:fly_one_cm":11555689,"minecraft:open_chest":26,"minecraft:aviate_one_cm":953080,"minecraft:fall_one_cm":127656},"minecraft:used":{"minecraft:peony":7,"minecraft:nether_brick_fence":20,"minecraft:light_blue_stained_glass_pane":3,"minecraft:jack_o_lantern":27,"minecraft:blue_terracotta":44,"minecraft:red_sand":1,"minecraft:melon":17,"minecraft:cut_red_sandstone_slab":11,"minecraft:dispenser":56,"minecraft:spruce_slab":216,"minecraft:oak_sign":1,"minecraft:ladder":42,"minecraft:diamond_hoe":35,"minecraft:poppy":28,"minecraft:black_carpet":13,"minecraft:chest":11,"minecraft:donkey_spawn_egg":2,"minecraft:white_terracotta":41,"minecraft:brown_concrete":199,"minecraft:stone":239,"minecraft:purple_shulker_box":11,"minecraft:stripped_jungle_wood":35,"minecraft:white_shulker_box":4,"minecraft:bell":4,"minecraft:quartz_stairs":23,"minecraft:mossy_stone_brick_slab":16,"minecraft:player_head":1119,"minecraft:farmland":49,"minecraft:green_terracotta":1,"minecraft:spruce_leaves":331,"minecraft:debug_stick":191,"minecraft:brick_slab":49,"minecraft:jungle_planks":9,"minecraft:nether_bricks":3,"minecraft:jungle_slab":31,"minecraft:orange_wool":9,"minecraft:pink_terracotta":12,"minecraft:acacia_sapling":17,"minecraft:beehive":43,"minecraft:snowball":17,"minecraft:stripped_spruce_log":215,"minecraft:obsidian":170,"minecraft:jungle_sapling":12,"minecraft:glass":61,"minecraft:packed_ice":19,"minecraft:honey_block":76,"minecraft:stripped_dark_oak_wood":11,"minecraft:quartz_slab":170,"minecraft:lava_bucket":101,"minecraft:coal_ore":85,"minecraft:bricks":2,"minecraft:quartz_pillar":22,"minecraft:jungle_fence_gate":42,"minecraft:red_wool":13,"minecraft:spruce_wood":2,"minecraft:black_stained_glass_pane":6,"minecraft:lantern":85,"minecraft:grass_block":139,"minecraft:blue_orchid":62,"minecraft:birch_sapling":29,"minecraft:quartz_block":21,"minecraft:polished_andesite_stairs":34,"minecraft:green_wool":5,"minecraft:dark_oak_wood":71,"minecraft:dark_oak_leaves":61,"minecraft:dark_oak_slab":380,"minecraft:mossy_cobblestone_slab":20,"minecraft:repeater":82,"minecraft:hopper_minecart":1,"minecraft:diorite_wall":25,"minecraft:pink_wool":3,"minecraft:red_stained_glass_pane":24,"minecraft:honeycomb_block":57,"minecraft:stone_brick_stairs":12,"minecraft:stone_bricks":319,"minecraft:blue_banner":12,"minecraft:birch_button":7,"minecraft:item_frame":11,"minecraft:bedrock":60,"minecraft:infested_mossy_stone_bricks":24,"minecraft:snow":1008,"minecraft:brown_carpet":32,"minecraft:birch_trapdoor":68,"minecraft:red_carpet":56,"minecraft:redstone_lamp":13,"minecraft:bow":49,"minecraft:magma_block":9,"minecraft:dark_oak_boat":1,"minecraft:hay_block":207,"minecraft:infested_cracked_stone_bricks":43,"minecraft:yellow_glazed_terracotta":7,"minecraft:oak_sapling":17,"minecraft:acacia_fence":131,"minecraft:gold_block":131,"minecraft:green_stained_glass_pane":1,"minecraft:stripped_spruce_wood":61,"minecraft:dark_oak_sapling":28,"minecraft:dark_oak_stairs":30,"minecraft:mossy_stone_bricks":9,"minecraft:tube_coral_fan":5,"minecraft:diorite":19,"minecraft:end_rod":17,"minecraft:cow_spawn_egg":4,"minecraft:spruce_door":43,"minecraft:stripped_birch_log":74,"minecraft:birch_leaves":119,"minecraft:powered_rail":53,"minecraft:acacia_trapdoor":22,"minecraft:dark_oak_sign":7,"minecraft:jungle_fence":112,"minecraft:oak_planks":114,"minecraft:birch_wood":63,"minecraft:fox_spawn_egg":2,"minecraft:mossy_stone_brick_stairs":3,"minecraft:black_glazed_terracotta":9,"minecraft:redstone_block":4,"minecraft:diamond_axe":19,"minecraft:sugar_cane":4,"minecraft:smooth_quartz_stairs":22,"minecraft:oak_leaves":158,"minecraft:white_wool":1,"minecraft:golden_apple":17,"minecraft:dark_oak_trapdoor":2,"minecraft:sand":281,"minecraft:yellow_terracotta":205,"minecraft:light_blue_concrete":85,"minecraft:loom":2,"minecraft:light_blue_wool":5,"minecraft:yellow_concrete":322,"minecraft:acacia_leaves":68,"minecraft:blue_ice":29,"minecraft:stone_brick_wall":153,"minecraft:lingering_potion":29,"minecraft:black_concrete_powder":6,"minecraft:red_sandstone_wall":20,"minecraft:pumpkin_seeds":4,"minecraft:birch_fence":161,"minecraft:redstone_torch":12,"minecraft:sticky_piston":20,"minecraft:black_terracotta":19,"minecraft:lever":13,"minecraft:green_concrete":63,"minecraft:black_concrete":96,"minecraft:firework_rocket":26,"minecraft:daylight_detector":8,"minecraft:birch_slab":80,"minecraft:lime_carpet":25,"minecraft:dark_oak_log":473,"minecraft:gray_stained_glass_pane":2,"minecraft:heavy_weighted_pressure_plate":4,"minecraft:bread":1,"minecraft:barrier":108,"minecraft:string":13,"minecraft:brown_stained_glass":12,"minecraft:stone_button":20,"minecraft:red_terracotta":9,"minecraft:polished_granite":52,"minecraft:cut_red_sandstone":27,"minecraft:diamond_ore":41,"minecraft:prismarine_wall":5,"minecraft:gravel":23,"minecraft:lilac":3,"minecraft:granite_slab":6,"minecraft:coal_block":126,"minecraft:diamond_sword":75,"minecraft:pufferfish_bucket":53,"minecraft:stripped_oak_wood":100,"minecraft:dark_oak_fence":235,"minecraft:pink_stained_glass":247,"minecraft:white_stained_glass":200,"minecraft:ice":157,"minecraft:birch_log":57,"minecraft:mossy_cobblestone_wall":11,"minecraft:smooth_stone_slab":227,"minecraft:chest_minecart":1,"minecraft:white_concrete":70,"minecraft:tropical_fish_bucket":65,"minecraft:coarse_dirt":170,"minecraft:bone_meal":522,"minecraft:purple_wool":5,"minecraft:cobweb":52,"minecraft:experience_bottle":128,"minecraft:oak_fence":177,"minecraft:purpur_block":20,"minecraft:petrified_oak_slab":49,"minecraft:jungle_leaves":212,"minecraft:rose_bush":7,"minecraft:iron_bars":27,"minecraft:brain_coral_fan":2,"minecraft:acacia_log":38,"minecraft:orange_concrete":152,"minecraft:flint_and_steel":71,"minecraft:carved_pumpkin":8,"minecraft:redstone_ore":9,"minecraft:red_concrete":330,"minecraft:redstone":125,"minecraft:light_blue_terracotta":47,"minecraft:spruce_planks":219,"minecraft:brown_shulker_box":45,"minecraft:stripped_birch_wood":20,"minecraft:torch":8,"minecraft:dirt":16,"minecraft:red_nether_brick_slab":29,"minecraft:white_carpet":52,"minecraft:spruce_stairs":62,"minecraft:cobblestone_wall":11,"minecraft:nether_brick_slab":23,"minecraft:cod_bucket":27,"minecraft:oak_wood":102,"minecraft:bee_nest":37,"minecraft:pink_carpet":75,"minecraft:jungle_trapdoor":22,"minecraft:spruce_fence":491,"minecraft:granite":25,"minecraft:blue_concrete":2,"minecraft:nether_brick_stairs":4,"minecraft:oak_fence_gate":24,"minecraft:polished_diorite":12,"minecraft:andesite_wall":31,"minecraft:birch_door":5,"minecraft:stone_brick_slab":248,"minecraft:dark_oak_planks":119,"minecraft:wooden_axe":10,"minecraft:sea_lantern":2,"minecraft:bookshelf":57,"minecraft:iron_block":38,"minecraft:light_weighted_pressure_plate":5,"minecraft:oak_stairs":39,"minecraft:brick_stairs":12,"minecraft:spruce_button":7,"minecraft:slime_block":49,"minecraft:jungle_log":34,"minecraft:smooth_quartz":25,"minecraft:totem_of_undying":11,"minecraft:pink_stained_glass_pane":191,"minecraft:prismarine_slab":21,"minecraft:melon_seeds":3,"minecraft:barrel":15,"minecraft:bamboo":283,"minecraft:yellow_concrete_powder":32,"minecraft:purple_concrete":16,"minecraft:lime_concrete":49,"minecraft:white_stained_glass_pane":2,"minecraft:podzol":279,"minecraft:minecart":23,"minecraft:acacia_wood":187,"minecraft:stone_pressure_plate":6,"minecraft:orange_terracotta":16,"minecraft:enchanted_golden_apple":48,"minecraft:orange_stained_glass_pane":6,"minecraft:mossy_stone_brick_wall":48,"minecraft:pumpkin":2,"minecraft:light_gray_bed":3,"minecraft:horn_coral_fan":5,"minecraft:brown_bed":5,"minecraft:wheat_seeds":76,"minecraft:water_bucket":96,"minecraft:nether_brick_wall":7,"minecraft:iron_ore":19,"minecraft:cobblestone_stairs":8,"minecraft:light_blue_glazed_terracotta":1,"minecraft:pink_glazed_terracotta":84,"minecraft:snow_block":457,"minecraft:prismarine_brick_slab":1,"minecraft:birch_planks":118,"minecraft:yellow_shulker_box":19,"minecraft:lime_wool":5,"minecraft:red_nether_bricks":45,"minecraft:smooth_sandstone_slab":5,"minecraft:blue_wool":188,"minecraft:andesite_slab":29,"minecraft:birch_boat":2,"minecraft:black_shulker_box":3,"minecraft:cut_sandstone":38,"minecraft:spruce_sign":9,"minecraft:magenta_stained_glass":39,"minecraft:llama_spawn_egg":2,"minecraft:spruce_fence_gate":20,"minecraft:red_glazed_terracotta":7,"minecraft:cobblestone_slab":21,"minecraft:horse_spawn_egg":2,"minecraft:gold_ore":37,"minecraft:cracked_stone_bricks":13,"minecraft:pink_concrete":4,"minecraft:jungle_wood":10,"minecraft:orange_carpet":27,"minecraft:mossy_cobblestone":49,"minecraft:diamond_block":66,"minecraft:vine":253,"minecraft:lime_terracotta":37,"minecraft:rail":143,"minecraft:stripped_dark_oak_log":9,"minecraft:oak_slab":50,"minecraft:dark_prismarine_slab":18,"minecraft:tnt":6,"minecraft:crafting_table":2,"minecraft:brown_banner":17,"minecraft:birch_sign":30,"minecraft:yellow_stained_glass_pane":1,"minecraft:dark_oak_fence_gate":1,"minecraft:campfire":25,"minecraft:lime_shulker_box":38,"minecraft:magenta_carpet":8,"minecraft:infested_stone_bricks":126,"minecraft:smooth_red_sandstone_stairs":8,"minecraft:spruce_log":91,"minecraft:dark_oak_door":3,"minecraft:oak_log":177,"minecraft:gray_terracotta":9,"minecraft:flower_pot":12,"minecraft:ender_eye":4,"minecraft:cornflower":13,"minecraft:diamond_pickaxe":1,"minecraft:activator_rail":10,"minecraft:oxeye_daisy":35,"minecraft:acacia_sign":1,"minecraft:stripped_jungle_log":7,"minecraft:command_block":113,"minecraft:spruce_pressure_plate":7,"minecraft:jungle_stairs":4,"minecraft:detector_rail":4,"minecraft:cyan_concrete":51,"minecraft:magenta_concrete":206,"minecraft:purpur_slab":60,"minecraft:spruce_trapdoor":66,"minecraft:spruce_sapling":18,"minecraft:yellow_wool":167,"minecraft:green_carpet":17,"minecraft:chiseled_stone_bricks":89,"minecraft:brown_stained_glass_pane":6,"minecraft:fishing_rod":9,"minecraft:cobblestone":124,"minecraft:end_crystal":171,"minecraft:acacia_pressure_plate":28,"minecraft:white_banner":8,"minecraft:andesite_stairs":5,"minecraft:red_banner":1,"minecraft:bucket":9,"minecraft:wither_rose":6,"minecraft:end_portal_frame":8,"minecraft:sea_pickle":9,"minecraft:stripped_oak_log":27,"minecraft:smooth_stone":11,"minecraft:splash_potion":65,"minecraft:birch_stairs":24},"minecraft:mined":{"minecraft:black_shulker_box":1,"minecraft:light_gray_bed":3,"minecraft:brown_bed":4}},"DataVersion":2230}