{"stats":{"minecraft:dropped":{"minecraft:diamond_helmet":1,"minecraft:stone_pressure_plate":2,"minecraft:apple":65,"minecraft:bow":1},"minecraft:used":{"minecraft:end_rod":6,"minecraft:diamond_pickaxe":1,"minecraft:firework_rocket":6,"minecraft:spruce_slab":2,"minecraft:slime_block":6,"minecraft:black_shulker_box":1,"minecraft:stripped_jungle_wood":1,"minecraft:diamond_axe":6,"minecraft:player_head":12,"minecraft:totem_of_undying":1,"minecraft:oak_leaves":1,"minecraft:golden_apple":15,"minecraft:diamond_sword":100,"minecraft:bow":4,"minecraft:stone_pressure_plate":4,"minecraft:lingering_potion":1,"minecraft:spruce_fence":5,"minecraft:enchanted_golden_apple":24,"minecraft:experience_bottle":128},"minecraft:custom":{"minecraft:sprint_one_cm":276389,"minecraft:damage_taken":4135,"minecraft:damage_absorbed":3594,"minecraft:walk_one_cm":97705,"minecraft:drop":6,"minecraft:damage_dealt":1763,"minecraft:swim_one_cm":722,"minecraft:fly_one_cm":417695,"minecraft:player_kills":8,"minecraft:crouch_one_cm":3176,"minecraft:play_one_minute":83169,"minecraft:open_shulker_box":10,"minecraft:deaths":1,"minecraft:sneak_time":1969,"minecraft:walk_under_water_one_cm":52,"minecraft:aviate_one_cm":379157,"minecraft:jump":1340,"minecraft:leave_game":12,"minecraft:walk_on_water_one_cm":1257,"minecraft:time_since_death":16211,"minecraft:climb_one_cm":15377,"minecraft:damage_resisted":3481,"minecraft:fall_one_cm":63982,"minecraft:time_since_rest":16212},"minecraft:picked_up":{"minecraft:lime_shulker_box":1,"minecraft:lingering_potion":3,"minecraft:tipped_arrow":128,"minecraft:diamond_sword":1,"minecraft:gold_block":64,"minecraft:stone_pressure_plate":2,"minecraft:elytra":2,"minecraft:firework_rocket":64,"minecraft:diamond_shovel":1,"minecraft:experience_bottle":64,"minecraft:apple":192,"minecraft:diamond_chestplate":1,"minecraft:bow":1,"minecraft:diamond_leggings":1,"minecraft:black_shulker_box":2,"minecraft:diamond_boots":1,"minecraft:diamond_axe":1,"minecraft:totem_of_undying":2,"minecraft:diamond_helmet":2,"minecraft:diamond_pickaxe":1},"minecraft:mined":{"minecraft:black_shulker_box":1,"minecraft:grass":6,"minecraft:slime_block":2}},"DataVersion":2230}