{"stats":{"minecraft:used":{"minecraft:light_blue_banner":5,"minecraft:nether_brick_fence":16,"minecraft:light_blue_stained_glass_pane":44,"minecraft:jack_o_lantern":8,"minecraft:red_sand":91,"minecraft:melon":37,"minecraft:cut_red_sandstone_slab":4,"minecraft:smooth_quartz_slab":6,"minecraft:dispenser":76,"minecraft:red_sandstone_slab":3,"minecraft:spruce_slab":160,"minecraft:ladder":259,"minecraft:oak_sign":2,"minecraft:black_carpet":18,"minecraft:chest":14,"minecraft:donkey_spawn_egg":2,"minecraft:white_terracotta":5,"minecraft:brown_concrete":85,"minecraft:stone":536,"minecraft:purple_shulker_box":5,"minecraft:stripped_jungle_wood":253,"minecraft:quartz_stairs":95,"minecraft:bell":3,"minecraft:player_head":249,"minecraft:farmland":2,"minecraft:green_terracotta":12,"minecraft:spruce_leaves":153,"minecraft:debug_stick":482,"minecraft:birch_pressure_plate":20,"minecraft:soul_sand":1,"minecraft:nether_bricks":77,"minecraft:jungle_slab":13,"minecraft:furnace_minecart":2,"minecraft:acacia_sapling":9,"minecraft:pink_terracotta":2,"minecraft:acacia_button":4,"minecraft:snowball":1,"minecraft:stripped_spruce_log":149,"minecraft:obsidian":175,"minecraft:red_sandstone_stairs":18,"minecraft:jungle_sapling":6,"minecraft:glass":21,"minecraft:packed_ice":80,"minecraft:honey_block":79,"minecraft:lava_bucket":127,"minecraft:stripped_dark_oak_wood":57,"minecraft:quartz_slab":99,"minecraft:coal_ore":32,"minecraft:villager_spawn_egg":1,"minecraft:grass_block":528,"minecraft:red_wool":1,"minecraft:spruce_wood":6,"minecraft:black_stained_glass_pane":14,"minecraft:lantern":42,"minecraft:blue_orchid":16,"minecraft:quartz_block":159,"minecraft:birch_sapling":2,"minecraft:polished_andesite_stairs":40,"minecraft:green_wool":41,"minecraft:dark_oak_leaves":63,"minecraft:dark_oak_slab":192,"minecraft:dark_oak_button":4,"minecraft:diorite_wall":21,"minecraft:pink_wool":19,"minecraft:stone_brick_stairs":332,"minecraft:stone_bricks":582,"minecraft:blue_banner":7,"minecraft:item_frame":32,"minecraft:repeater":45,"minecraft:red_nether_brick_wall":13,"minecraft:red_stained_glass_pane":12,"minecraft:honeycomb_block":24,"minecraft:birch_button":2,"minecraft:birch_trapdoor":39,"minecraft:snow":595,"minecraft:red_carpet":24,"minecraft:redstone_lamp":7,"minecraft:brown_carpet":18,"minecraft:magma_block":49,"minecraft:bow":144,"minecraft:hay_block":88,"minecraft:sweet_berries":4,"minecraft:yellow_glazed_terracotta":22,"minecraft:oak_sapling":10,"minecraft:furnace":2,"minecraft:acacia_fence":44,"minecraft:gold_block":23,"minecraft:pink_concrete_powder":14,"minecraft:end_stone_brick_stairs":27,"minecraft:green_stained_glass_pane":4,"minecraft:stripped_spruce_wood":25,"minecraft:dark_oak_sapling":11,"minecraft:emerald_ore":2,"minecraft:dark_oak_stairs":91,"minecraft:end_rod":75,"minecraft:cow_spawn_egg":4,"minecraft:end_stone_bricks":24,"minecraft:spruce_door":18,"minecraft:stripped_acacia_log":2,"minecraft:wither_skeleton_skull":2,"minecraft:powered_rail":20,"minecraft:stripped_birch_log":51,"minecraft:red_stained_glass":2,"minecraft:birch_leaves":11,"minecraft:acacia_trapdoor":18,"minecraft:dark_oak_sign":32,"minecraft:jungle_fence":9,"minecraft:oak_planks":433,"minecraft:lily_pad":10,"minecraft:cactus":11,"minecraft:sandstone":17,"minecraft:jungle_pressure_plate":3,"minecraft:redstone_block":19,"minecraft:diamond_axe":4,"minecraft:sugar_cane":24,"minecraft:purpur_pillar":18,"minecraft:smooth_quartz_stairs":11,"minecraft:oak_leaves":57,"minecraft:white_wool":27,"minecraft:golden_apple":22,"minecraft:dark_oak_trapdoor":28,"minecraft:sand":106,"minecraft:purpur_stairs":37,"minecraft:yellow_terracotta":318,"minecraft:light_blue_concrete":80,"minecraft:lime_stained_glass_pane":10,"minecraft:light_blue_wool":59,"minecraft:blast_furnace":3,"minecraft:yellow_concrete":153,"minecraft:acacia_leaves":7,"minecraft:blue_ice":147,"minecraft:sponge":8,"minecraft:purple_terracotta":18,"minecraft:stone_brick_wall":233,"minecraft:shulker_spawn_egg":2,"minecraft:black_concrete_powder":74,"minecraft:end_stone":85,"minecraft:red_sandstone_wall":70,"minecraft:birch_fence":36,"minecraft:redstone_torch":11,"minecraft:sticky_piston":1,"minecraft:black_terracotta":163,"minecraft:dead_fire_coral_fan":5,"minecraft:lever":8,"minecraft:green_concrete":44,"minecraft:black_concrete":172,"minecraft:firework_rocket":37,"minecraft:dark_oak_log":105,"minecraft:birch_slab":6,"minecraft:lime_carpet":52,"minecraft:heavy_weighted_pressure_plate":17,"minecraft:barrier":318,"minecraft:string":17,"minecraft:stone_button":47,"minecraft:red_terracotta":4,"minecraft:polished_granite":2,"minecraft:diamond_ore":7,"minecraft:iron_door":31,"minecraft:cut_red_sandstone":11,"minecraft:prismarine_wall":6,"minecraft:gravel":27,"minecraft:coal_block":57,"minecraft:diamond_sword":180,"minecraft:light_blue_concrete_powder":3,"minecraft:dead_horn_coral_fan":14,"minecraft:stripped_oak_wood":23,"minecraft:dark_oak_fence":116,"minecraft:pink_stained_glass":282,"minecraft:white_stained_glass":83,"minecraft:birch_log":13,"minecraft:ice":22,"minecraft:mossy_cobblestone_wall":4,"minecraft:smooth_stone_slab":55,"minecraft:chest_minecart":5,"minecraft:white_concrete":16,"minecraft:coarse_dirt":44,"minecraft:bone_meal":363,"minecraft:cobweb":10,"minecraft:experience_bottle":128,"minecraft:gray_stained_glass":2,"minecraft:diorite_stairs":26,"minecraft:oak_fence":239,"minecraft:oak_trapdoor":3,"minecraft:purpur_block":67,"minecraft:petrified_oak_slab":24,"minecraft:iron_bars":91,"minecraft:acacia_log":35,"minecraft:orange_concrete":33,"minecraft:flint_and_steel":6,"minecraft:red_concrete":179,"minecraft:carved_pumpkin":4,"minecraft:redstone_ore":3,"minecraft:armor_stand":2,"minecraft:redstone":129,"minecraft:light_gray_carpet":25,"minecraft:light_blue_terracotta":4,"minecraft:spruce_planks":943,"minecraft:ender_chest":7,"minecraft:stripped_birch_wood":12,"minecraft:netherrack":222,"minecraft:oak_door":2,"minecraft:torch":3,"minecraft:end_stone_brick_wall":40,"minecraft:anvil":2,"minecraft:dirt":3,"minecraft:red_nether_brick_slab":3,"minecraft:white_carpet":79,"minecraft:nether_quartz_ore":20,"minecraft:spruce_stairs":233,"minecraft:cobblestone_wall":126,"minecraft:stone_stairs":72,"minecraft:yellow_carpet":11,"minecraft:light_gray_glazed_terracotta":34,"minecraft:oak_wood":61,"minecraft:bee_nest":6,"minecraft:pink_carpet":2,"minecraft:jungle_trapdoor":1,"minecraft:spruce_fence":381,"minecraft:light_blue_stained_glass":7,"minecraft:blue_concrete":6,"minecraft:nether_brick_stairs":46,"minecraft:oak_fence_gate":2,"minecraft:polished_diorite":9,"minecraft:birch_door":2,"minecraft:stone_brick_slab":84,"minecraft:dark_oak_planks":48,"minecraft:wooden_axe":10,"minecraft:light_gray_stained_glass":4,"minecraft:yellow_stained_glass":69,"minecraft:iron_block":20,"minecraft:light_weighted_pressure_plate":8,"minecraft:oak_stairs":95,"minecraft:spruce_button":9,"minecraft:slime_block":194,"minecraft:acacia_slab":12,"minecraft:spawner":1,"minecraft:smooth_quartz":10,"minecraft:totem_of_undying":3,"minecraft:pink_stained_glass_pane":84,"minecraft:melon_seeds":1,"minecraft:barrel":49,"minecraft:bamboo":59,"minecraft:light_gray_wool":6,"minecraft:purple_concrete":24,"minecraft:glowstone":13,"minecraft:lime_concrete":267,"minecraft:golden_carrot":2,"minecraft:black_stained_glass":2,"minecraft:emerald_block":3,"minecraft:iron_trapdoor":5,"minecraft:dark_oak_pressure_plate":1,"minecraft:lime_stained_glass":6,"minecraft:podzol":248,"minecraft:minecart":11,"minecraft:infested_cobblestone":13,"minecraft:trapped_chest":2,"minecraft:granite_wall":60,"minecraft:stone_pressure_plate":24,"minecraft:cooked_beef":1,"minecraft:enchanted_golden_apple":21,"minecraft:observer":29,"minecraft:orange_stained_glass_pane":7,"minecraft:mossy_stone_brick_wall":33,"minecraft:wheat_seeds":1,"minecraft:water_bucket":145,"minecraft:nether_brick_wall":9,"minecraft:iron_ore":33,"minecraft:cobblestone_stairs":2,"minecraft:light_blue_glazed_terracotta":7,"minecraft:pink_glazed_terracotta":92,"minecraft:snow_block":1397,"minecraft:birch_planks":7,"minecraft:red_nether_bricks":17,"minecraft:cartography_table":1,"minecraft:blue_wool":7,"minecraft:black_shulker_box":53,"minecraft:red_mushroom_block":29,"minecraft:spruce_sign":3,"minecraft:magenta_stained_glass":71,"minecraft:beacon":7,"minecraft:spruce_fence_gate":29,"minecraft:red_glazed_terracotta":97,"minecraft:cobblestone_slab":2,"minecraft:gold_ore":32,"minecraft:cracked_stone_bricks":26,"minecraft:pink_concrete":61,"minecraft:vine":24,"minecraft:diamond_block":191,"minecraft:mossy_cobblestone":10,"minecraft:rail":184,"minecraft:comparator":5,"minecraft:lime_terracotta":11,"minecraft:stripped_dark_oak_log":94,"minecraft:oak_slab":184,"minecraft:tnt":1,"minecraft:crafting_table":4,"minecraft:brown_banner":1,"minecraft:birch_sign":1,"minecraft:yellow_stained_glass_pane":12,"minecraft:dark_oak_fence_gate":2,"minecraft:campfire":2,"minecraft:light_gray_concrete_powder":53,"minecraft:fire_coral":6,"minecraft:lime_shulker_box":1,"minecraft:painting":1,"minecraft:smooth_red_sandstone_stairs":23,"minecraft:spruce_log":109,"minecraft:dark_oak_door":4,"minecraft:oak_log":203,"minecraft:flower_pot":12,"minecraft:ender_eye":12,"minecraft:diamond_pickaxe":5,"minecraft:acacia_stairs":29,"minecraft:black_wool":8,"minecraft:diamond_shovel":2,"minecraft:acacia_sign":1,"minecraft:stripped_jungle_log":17,"minecraft:command_block":113,"minecraft:oak_button":3,"minecraft:map":7,"minecraft:spruce_pressure_plate":18,"minecraft:lapis_ore":32,"minecraft:jungle_stairs":25,"minecraft:detector_rail":1,"minecraft:magenta_concrete":240,"minecraft:stone_slab":99,"minecraft:purpur_slab":19,"minecraft:spruce_trapdoor":163,"minecraft:spruce_sapling":8,"minecraft:yellow_wool":3,"minecraft:acacia_fence_gate":2,"minecraft:chiseled_stone_bricks":20,"minecraft:green_carpet":22,"minecraft:brown_stained_glass_pane":10,"minecraft:cobblestone":248,"minecraft:end_crystal":101,"minecraft:acacia_pressure_plate":21,"minecraft:red_concrete_powder":1,"minecraft:white_banner":1,"minecraft:red_banner":6,"minecraft:glass_pane":112,"minecraft:magenta_glazed_terracotta":28,"minecraft:repeating_command_block":49,"minecraft:end_portal_frame":13,"minecraft:stripped_oak_log":124,"minecraft:birch_stairs":66},"minecraft:crafted":{"minecraft:firework_star":2,"minecraft:firework_rocket":3},"minecraft:custom":{"minecraft:interact_with_crafting_table":4,"minecraft:open_barrel":5,"minecraft:open_shulker_box":89,"minecraft:bell_ring":8,"minecraft:leave_game":65,"minecraft:time_since_death":194876,"minecraft:damage_resisted":4116,"minecraft:sprint_one_cm":1871441,"minecraft:drop":90,"minecraft:deaths":4786,"minecraft:jump":17481,"minecraft:walk_on_water_one_cm":21250,"minecraft:interact_with_furnace":1,"minecraft:interact_with_cartography_table":6,"minecraft:play_one_minute":1972896,"minecraft:interact_with_loom":11,"minecraft:damage_dealt":8617,"minecraft:interact_with_beacon":1,"minecraft:player_kills":6,"minecraft:crouch_one_cm":270738,"minecraft:inspect_dispenser":7,"minecraft:interact_with_anvil":8,"minecraft:mob_kills":49,"minecraft:climb_one_cm":55224,"minecraft:walk_one_cm":1511853,"minecraft:walk_under_water_one_cm":24324,"minecraft:sneak_time":188573,"minecraft:boat_one_cm":45412,"minecraft:pot_flower":10,"minecraft:time_since_rest":194877,"minecraft:damage_absorbed":3263,"minecraft:damage_taken":10139,"minecraft:trigger_trapped_chest":18,"minecraft:minecart_one_cm":3569,"minecraft:swim_one_cm":8154,"minecraft:fly_one_cm":11466969,"minecraft:open_chest":28,"minecraft:aviate_one_cm":1168247,"minecraft:fall_one_cm":483703},"minecraft:killed_by":{"minecraft:creeper":2,"minecraft:pufferfish":3,"minecraft:player":2},"minecraft:killed":{"minecraft:shulker":1,"minecraft:bee":15,"minecraft:fox":3,"minecraft:wolf":6,"minecraft:pig":3,"minecraft:creeper":1,"minecraft:donkey":2,"minecraft:cow":5,"minecraft:slime":9,"minecraft:snow_golem":4},"minecraft:mined":{"minecraft:black_shulker_box":4,"minecraft:obsidian":1},"minecraft:picked_up":{"minecraft:wooden_axe":2,"minecraft:wheat":1,"minecraft:redstone_block":1,"minecraft:diamond_sword":2,"minecraft:oak_stairs":1,"minecraft:purple_shulker_box":7,"minecraft:string":1,"minecraft:smooth_stone_slab":1,"minecraft:pufferfish":4,"minecraft:experience_bottle":128,"minecraft:diamond_leggings":1,"minecraft:black_shulker_box":17,"minecraft:smooth_quartz":1,"minecraft:hopper_minecart":1,"minecraft:enchanted_golden_apple":221,"minecraft:infested_mossy_stone_bricks":1,"minecraft:diamond_ore":2,"minecraft:blue_wool":1,"minecraft:birch_trapdoor":1,"minecraft:oak_fence":1,"minecraft:porkchop":9,"minecraft:infested_chiseled_stone_bricks":1,"minecraft:end_crystal":128,"minecraft:quartz_block":1,"minecraft:lime_carpet":1,"minecraft:command_block":2,"minecraft:tropical_fish":3,"minecraft:blue_dye":57,"minecraft:stripped_birch_wood":1,"minecraft:obsidian":107,"minecraft:iron_bars":1,"minecraft:cod":1,"minecraft:snowball":29,"minecraft:barrier":1,"minecraft:water_bucket":4,"minecraft:repeater":2,"minecraft:lantern":2,"minecraft:bow":2,"minecraft:cyan_concrete":1,"minecraft:sand":1,"minecraft:grass_block":2,"minecraft:loom":1,"minecraft:diamond_block":64,"minecraft:dispenser":64,"minecraft:slime_block":1,"minecraft:yellow_stained_glass_pane":1,"minecraft:white_concrete":2,"minecraft:bone_meal":1,"minecraft:spruce_sign":1,"minecraft:cyan_dye":60,"minecraft:dark_oak_fence":1,"minecraft:magenta_glazed_terracotta":64,"minecraft:lingering_potion":1,"minecraft:coarse_dirt":2,"minecraft:ladder":64,"minecraft:orange_stained_glass_pane":1,"minecraft:stone_brick_wall":1,"minecraft:gold_block":256,"minecraft:jungle_trapdoor":1,"minecraft:elytra":2,"minecraft:item_frame":2,"minecraft:brown_stained_glass_pane":1,"minecraft:beef":8,"minecraft:oak_boat":2,"minecraft:player_head":201,"minecraft:spruce_slab":65,"minecraft:chest":3,"minecraft:lime_shulker_box":11,"minecraft:stone":1,"minecraft:spruce_fence":1,"minecraft:redstone":1,"minecraft:arrow":128,"minecraft:diamond_chestplate":1,"minecraft:pink_glazed_terracotta":1,"minecraft:gold_ingot":64,"minecraft:totem_of_undying":20,"minecraft:petrified_oak_slab":1,"minecraft:white_shulker_box":1,"minecraft:infested_cracked_stone_bricks":1,"minecraft:stripped_oak_log":1,"minecraft:golden_carrot":192,"minecraft:leather":5,"minecraft:filled_map":4,"minecraft:ice":1,"minecraft:purpur_stairs":64,"minecraft:gunpowder":11,"minecraft:cobblestone_stairs":1,"minecraft:podzol":2,"minecraft:apple":1,"minecraft:stone_bricks":1,"minecraft:acacia_trapdoor":1,"minecraft:cobweb":1,"minecraft:mossy_stone_brick_wall":1,"minecraft:lava_bucket":1,"minecraft:red_banner":1,"minecraft:spruce_door":1,"minecraft:firework_rocket":1679,"minecraft:slime_ball":11,"minecraft:stripped_jungle_wood":1,"minecraft:redstone_ore":1,"minecraft:birch_sign":2,"minecraft:acacia_slab":1,"minecraft:magenta_concrete":1,"minecraft:pink_dye":61,"minecraft:shulker_shell":1},"minecraft:broken":{"minecraft:diamond_helmet":1},"minecraft:dropped":{"minecraft:diamond_axe":1,"minecraft:purpur_stairs":64,"minecraft:elytra":2,"minecraft:rail":1,"minecraft:gold_block":704,"minecraft:stone_button":1,"minecraft:dispenser":1,"minecraft:black_shulker_box":13,"minecraft:diamond_block":64,"minecraft:diamond_shovel":1,"minecraft:tipped_arrow":128,"minecraft:quartz_block":1,"minecraft:lingering_potion":3,"minecraft:spruce_slab":64,"minecraft:podzol":1,"minecraft:firework_rocket":65,"minecraft:water_bucket":1,"minecraft:diamond_leggings":4,"minecraft:apple":128,"minecraft:command_block":1,"minecraft:grass_block":1,"minecraft:golden_carrot":64,"minecraft:wooden_axe":2,"minecraft:diamond_helmet":2,"minecraft:magenta_glazed_terracotta":64,"minecraft:player_head":4,"minecraft:totem_of_undying":7,"minecraft:spruce_fence":1,"minecraft:filled_map":2,"minecraft:diamond_sword":5,"minecraft:diamond_chestplate":5,"minecraft:diamond_pickaxe":2,"minecraft:barrel":1,"minecraft:bamboo":1,"minecraft:diamond_boots":1,"minecraft:purple_shulker_box":1,"minecraft:bow":1,"minecraft:white_stained_glass":1}},"DataVersion":2230}